iso,Country/Region,unit,1990,1991,1992,1993,1994,1995,1996,1997,1998,1999,2000,2001,2002,2003,2004,2005,2006,2007,2008,2009,2010,2011,2012,2013,2014,2015,2016,2017,2018,2019,2020,2021
CHN,China,tCO2e per capita,2.52,2.62,2.70,2.86,2.96,3.26,3.24,3.21,3.27,3.19,3.31,3.45,3.66,4.15,4.71,5.26,5.75,6.17,6.33,6.73,7.31,7.63,7.79,8.09,8.09,7.95,7.95,8.06,8.38,8.49,8.59,9.06
USA,United States,tCO2e per capita,21.75,21.26,21.29,21.44,21.53,21.54,21.92,22.61,22.52,22.26,22.59,22.24,21.50,21.54,21.62,21.49,20.98,21.13,20.31,18.78,19.50,18.66,17.84,18.16,18.18,17.71,17.82,17.54,18.10,17.66,15.89,16.77
IND,India,tCO2e per capita,1.17,1.21,1.21,1.22,1.25,1.29,1.32,1.35,1.36,1.41,1.42,1.63,1.62,1.63,1.68,1.72,1.78,1.88,1.93,2.03,2.09,2.10,2.19,2.22,2.33,2.32,2.35,2.42,2.52,2.48,2.30,2.45
RUS,Russia,tCO2e per capita,17.79,17.25,16.20,14.93,13.36,12.86,12.58,11.59,11.64,11.87,12.29,9.69,9.78,10.36,10.38,10.59,10.89,10.99,11.01,10.07,10.69,11.88,11.73,11.40,11.34,11.16,12.06,12.27,12.93,13.29,12.75,13.77
BRA,Brazil,tCO2e per capita,11.04,10.99,10.87,10.76,10.69,10.69,10.53,10.56,10.61,10.52,10.39,10.77,10.84,10.78,10.91,10.87,10.68,10.78,10.67,10.42,10.88,6.53,6.70,6.75,6.89,6.76,7.11,7.16,6.90,6.95,6.92,7.16
IDN,Indonesia,tCO2e per capita,6.25,6.26,6.27,6.25,6.26,6.35,5.52,10.23,6.35,5.75,5.34,4.48,6.65,5.05,6.54,5.25,7.04,4.55,4.42,6.03,4.49,6.71,6.71,6.40,7.77,7.82,5.32,5.27,6.16,7.09,5.42,5.37
JPN,Japan,tCO2e per capita,8.97,9.05,9.13,9.04,9.48,9.58,9.68,9.56,9.16,9.38,9.48,9.12,9.33,9.37,9.28,9.33,9.17,9.43,8.88,8.43,8.88,9.73,10.09,10.23,9.87,9.59,9.66,9.54,9.21,8.89,8.43,8.53
IRN,Iran,tCO2e per capita,5.36,5.71,5.97,6.00,6.44,6.51,6.67,6.86,6.80,7.26,7.59,7.35,7.46,7.89,8.31,8.78,9.26,9.61,9.61,9.80,9.74,10.37,10.24,10.41,10.60,10.44,10.77,10.98,10.77,10.83,10.82,11.20
CAN,Canada,tCO2e per capita,22.68,22.25,22.49,22.10,22.47,22.78,23.27,23.44,23.79,23.57,23.91,30.92,31.27,31.70,31.09,31.20,30.56,31.25,30.22,28.86,29.08,24.43,24.14,24.21,24.19,24.01,20.88,21.07,21.27,20.70,18.96,19.17
SAU,Saudi Arabia,tCO2e per capita,14.72,16.21,16.75,16.14,15.68,15.26,15.76,15.78,16.29,16.17,16.59,16.35,16.72,17.16,17.40,17.75,18.17,18.47,19.49,19.43,20.50,21.00,21.60,21.50,22.30,22.79,22.53,21.89,21.14,20.93,20.35,20.67
DEU,Germany,tCO2e per capita,13.81,13.37,12.70,12.52,12.36,12.27,12.60,12.13,11.85,11.37,11.27,11.88,11.66,11.67,11.47,11.21,11.33,11.00,11.05,10.39,10.78,10.47,10.62,10.79,10.24,10.21,10.17,9.92,9.54,8.91,8.23,8.58
COD,Democratic Republic of the Congo,tCO2e per capita,12.62,12.13,11.67,11.26,10.89,10.54,10.03,9.93,9.75,9.35,9.04,8.72,8.76,8.65,8.45,8.18,7.96,7.56,7.41,7.17,6.99,10.29,9.89,9.61,9.28,9.00,8.71,8.47,8.12,7.92,7.68,7.44
MEX,Mexico,tCO2e per capita,5.19,5.32,5.26,5.36,5.57,5.25,5.37,5.55,5.81,5.56,5.75,4.75,4.78,4.98,4.98,5.14,5.25,5.28,5.23,5.06,5.13,5.96,5.93,5.74,5.61,5.67,5.67,5.58,5.28,5.31,4.77,4.90
KOR,South Korea,tCO2e per capita,5.86,6.41,6.86,7.47,8.00,8.63,9.15,9.62,8.14,8.89,9.92,9.70,9.69,9.80,10.30,10.17,10.29,10.45,10.63,10.85,11.84,12.42,12.43,12.37,12.09,12.44,12.68,12.91,12.98,12.64,11.86,12.22
AUS,Australia,tCO2e per capita,31.87,31.52,31.15,31.00,31.05,31.05,30.80,31.08,32.13,33.88,34.48,34.38,33.78,29.54,31.72,29.50,31.31,31.19,29.18,29.44,28.11,29.52,29.12,25.01,25.36,24.88,24.82,26.27,25.74,24.87,22.60,22.39
ZAF,South Africa,tCO2e per capita,9.15,8.82,8.52,8.58,8.55,8.67,8.77,8.99,9.04,8.44,8.41,9.02,9.24,9.62,10.11,9.99,9.92,10.23,10.75,10.18,10.48,10.02,10.24,10.26,10.33,9.72,9.59,9.69,9.64,9.62,8.59,8.62
TUR,Türkiye,tCO2e per capita,3.50,3.48,3.56,3.61,3.47,3.67,3.91,3.99,3.95,3.89,4.21,3.40,3.51,3.63,3.67,3.81,4.18,4.56,4.47,4.46,4.54,4.55,4.69,4.49,4.74,4.76,5.41,5.85,5.77,5.55,5.64,6.04
PAK,Pakistan,tCO2e per capita,1.56,1.55,1.59,1.63,1.64,1.68,1.69,1.69,1.67,1.72,1.69,1.67,1.67,1.69,1.77,1.78,1.86,1.92,1.89,1.91,1.84,1.84,1.82,1.85,1.87,1.91,2.00,2.08,2.02,2.01,2.11,2.17
VNM,Vietnam,tCO2e per capita,0.02,0.08,0.11,0.18,0.25,0.35,0.45,0.54,0.68,0.72,0.81,1.97,2.15,2.20,2.43,2.53,2.55,2.70,2.78,3.02,3.20,2.75,2.74,2.87,2.99,3.19,3.49,3.54,4.13,4.68,4.78,4.66
THA,Thailand,tCO2e per capita,3.05,3.21,3.40,3.68,3.90,4.17,4.47,4.58,4.21,4.35,4.31,3.73,3.91,4.04,4.36,4.45,4.48,4.71,4.71,4.63,4.94,5.40,5.73,5.84,5.78,5.80,6.16,6.26,6.26,6.49,6.47,6.43
GBR,United Kingdom,tCO2e per capita,13.29,13.40,13.06,12.71,12.63,12.47,12.80,12.42,12.35,11.90,11.89,12.02,11.66,11.75,11.60,11.42,11.28,10.94,10.51,9.53,9.67,8.92,9.17,8.85,8.16,7.85,7.48,7.22,7.02,6.74,6.09,6.36
ARG,Argentina,tCO2e per capita,9.18,9.19,9.22,9.13,9.12,9.09,9.32,9.37,9.41,9.51,9.37,10.40,10.21,10.69,10.99,10.96,11.22,11.42,11.42,10.79,10.84,10.26,10.26,10.38,10.21,10.25,9.40,9.40,9.26,9.10,8.74,9.16
NGA,Nigeria,tCO2e per capita,3.06,3.16,3.25,3.14,3.01,2.98,3.18,3.03,2.80,2.61,2.66,2.57,2.34,2.45,2.41,2.38,2.23,2.10,2.08,1.95,2.07,2.07,2.04,2.07,2.06,1.98,1.95,1.91,1.90,1.92,1.82,1.80
ITA,Italy,tCO2e per capita,7.91,7.86,7.81,7.70,7.61,8.06,7.99,8.06,8.26,8.39,8.48,8.45,8.60,8.89,9.03,9.01,8.78,8.62,8.31,7.44,7.56,7.37,7.05,6.43,6.05,6.25,6.54,6.47,6.40,6.32,5.71,6.35
MYS,Malaysia,tCO2e per capita,10.42,10.74,10.60,10.68,10.82,10.90,11.10,11.35,12.38,11.10,11.34,10.71,11.17,11.31,12.07,12.43,12.04,12.71,12.88,12.47,12.71,4.71,4.65,5.33,6.34,5.74,11.76,11.09,11.66,11.71,11.26,11.18
POL,Poland,tCO2e per capita,11.15,11.06,10.76,10.75,10.59,10.57,10.94,10.66,9.91,9.64,9.38,7.80,7.64,7.94,8.05,8.09,8.47,8.49,8.33,7.93,8.44,9.50,9.32,9.17,8.83,8.92,9.06,9.41,9.36,8.90,8.50,9.20
FRA,France,tCO2e per capita,8.11,8.49,8.20,7.84,7.72,7.83,8.14,7.95,8.19,8.00,7.92,7.27,7.10,7.14,7.05,7.02,6.82,6.67,6.54,6.23,6.26,6.06,6.09,6.07,5.54,5.60,5.57,5.61,5.38,5.23,4.67,5.08
EGY,Egypt,tCO2e per capita,2.44,2.49,2.47,2.51,2.40,2.51,2.58,2.66,2.69,2.78,2.72,2.85,2.87,2.89,3.01,3.22,3.30,3.44,3.49,3.51,3.48,3.50,3.55,3.44,3.43,3.42,3.46,3.49,3.36,3.06,2.88,3.07
KAZ,Kazakhstan,tCO2e per capita,18.40,18.74,18.96,16.83,15.75,14.28,12.93,11.72,11.99,11.17,11.24,11.22,13.24,13.97,15.14,16.00,17.15,17.75,20.45,18.35,19.31,19.49,19.07,19.68,16.54,15.18,15.83,16.94,16.73,15.83,15.97,16.72
COL,Colombia,tCO2e per capita,6.65,6.56,6.53,6.54,6.50,6.51,6.41,6.47,6.42,6.02,6.04,5.70,5.55,5.54,5.52,5.47,5.40,5.49,5.45,5.48,5.53,5.07,4.99,5.16,5.19,5.11,5.67,5.49,5.57,5.54,5.36,5.52
ESP,Spain,tCO2e per capita,5.99,6.13,6.36,5.95,6.25,6.56,6.37,6.88,7.09,7.67,8.06,8.53,8.82,8.87,9.10,9.28,8.99,9.18,8.31,7.46,7.11,7.32,7.17,6.63,6.62,6.86,6.51,6.86,6.69,6.27,5.41,5.77
DZA,Algeria,tCO2e per capita,4.73,4.75,4.67,4.87,4.86,4.99,5.02,4.91,4.89,4.96,5.20,4.95,5.08,5.43,5.48,5.62,5.76,5.78,5.83,5.79,5.76,5.86,6.24,6.24,6.43,6.55,6.45,6.40,6.46,6.49,6.04,6.12
IRQ,Iraq,tCO2e per capita,5.68,3.29,4.53,5.77,6.36,6.07,5.80,6.92,5.91,5.10,5.65,5.91,5.33,4.44,4.89,4.64,4.53,4.28,4.75,4.99,5.38,5.51,6.03,6.17,5.88,5.85,6.28,6.52,6.71,7.05,6.16,6.14
ARE,United Arab Emirates,tCO2e per capita,43.02,44.85,41.57,41.23,42.88,42.72,42.39,41.46,40.08,38.36,36.52,38.83,37.36,37.25,35.96,33.91,30.74,28.16,28.15,25.18,24.21,23.97,24.59,25.75,25.97,27.10,27.61,26.30,24.20,25.21,24.62,24.97
BGD,Bangladesh,tCO2e per capita,1.07,1.04,1.04,1.03,1.03,1.05,1.03,1.03,1.01,1.02,1.01,1.04,1.05,1.05,1.04,1.06,1.09,1.10,1.14,1.16,1.20,1.22,1.24,1.26,1.27,1.31,1.34,1.39,1.40,1.41,1.37,1.45
PHL,Philippines,tCO2e per capita,1.57,1.52,1.52,1.57,1.63,1.77,1.85,1.91,1.79,1.82,1.80,1.75,1.74,1.74,1.74,1.72,1.62,1.66,1.67,1.67,1.70,1.69,1.72,1.80,1.84,1.90,1.98,2.12,2.15,2.19,2.07,2.14
VEN,Venezuela,tCO2e per capita,22.54,22.85,22.44,22.31,22.12,22.89,23.74,24.13,23.67,22.22,22.52,20.01,18.94,17.99,18.63,19.10,18.74,18.30,18.63,17.93,17.82,18.13,18.87,18.68,18.34,17.55,14.53,13.54,12.25,10.58,7.94,7.88
UKR,Ukraine,tCO2e per capita,15.10,14.20,12.51,10.91,9.24,8.85,7.74,7.34,6.86,6.78,6.63,7.22,7.39,7.96,7.47,7.25,7.46,7.70,7.50,6.34,6.79,7.39,7.26,7.17,6.46,5.39,5.71,5.15,5.43,5.22,5.05,5.07
MMR,Myanmar,tCO2e per capita,4.97,4.89,4.89,4.90,4.90,4.92,4.76,4.65,4.73,4.78,4.66,4.17,4.12,4.37,4.63,4.39,4.43,4.63,4.30,4.49,4.57,3.93,4.08,4.09,4.20,4.29,4.12,4.37,3.96,3.94,4.08,3.87
ETH,Ethiopia,tCO2e per capita,1.95,1.88,1.83,1.66,1.63,1.59,1.59,1.61,1.65,1.62,1.51,1.58,1.65,1.58,1.57,1.57,1.59,1.68,1.68,1.68,1.69,1.64,1.66,1.66,1.67,1.66,1.68,1.66,1.64,1.71,1.72,1.63
UZB,Uzbekistan,tCO2e per capita,7.88,7.75,7.10,7.06,6.76,6.17,6.11,6.16,6.75,6.69,6.89,6.48,6.65,6.26,6.33,6.05,6.38,6.11,6.35,5.78,6.03,6.26,5.66,5.54,5.20,4.95,5.14,5.22,5.30,5.39,5.19,5.41
TKM,Turkmenistan,tCO2e per capita,39.42,36.06,24.28,26.01,20.89,20.63,19.54,15.98,16.17,20.09,24.96,25.15,26.54,29.68,31.06,31.62,31.39,33.59,34.58,26.08,28.60,33.81,34.78,35.58,34.39,34.82,33.39,32.45,32.39,34.79,30.57,30.82
PER,Peru,tCO2e per capita,4.74,4.59,4.53,4.49,4.51,4.63,4.69,4.64,4.60,4.68,4.64,4.69,4.71,4.67,4.77,4.79,4.72,4.82,4.95,5.06,5.17,6.09,6.03,6.05,6.12,6.09,6.11,5.93,5.84,5.85,5.45,5.57
NLD,Netherlands,tCO2e per capita,14.30,14.52,14.37,14.55,14.47,14.59,15.21,14.62,14.54,13.68,13.45,13.40,13.29,13.22,13.28,12.90,12.59,12.53,12.32,11.95,12.53,11.70,11.55,11.45,10.96,11.43,11.41,11.11,10.71,10.31,9.29,9.48
TZA,Tanzania,tCO2e per capita,3.90,3.78,3.66,3.56,3.47,3.51,3.17,3.08,3.14,3.07,2.92,3.00,3.10,3.26,3.14,3.24,2.99,2.96,2.95,2.91,2.91,2.87,2.89,2.81,2.74,2.81,2.96,2.87,2.77,2.77,2.69,2.69
KWT,Kuwait,tCO2e per capita,19.31,5.30,false,false,false,35.18,34.66,34.54,34.81,33.97,35.34,35.79,36.01,38.19,39.95,42.82,42.53,39.50,39.87,37.49,36.77,36.59,36.01,35.44,33.63,33.50,33.94,32.85,33.27,33.33,32.72,34.24
BOL,Bolivia,tCO2e per capita,16.67,16.48,16.25,15.74,15.29,14.77,14.39,14.41,14.12,14.54,13.11,10.56,11.14,10.49,12.00,11.13,11.12,11.58,10.71,10.33,12.80,11.08,10.94,10.73,10.58,10.76,11.58,11.25,11.13,12.08,11.26,11.56
SDN,Sudan,tCO2e per capita,3.46,3.37,3.42,3.38,3.46,3.40,3.52,3.74,3.91,3.98,3.90,3.39,3.48,3.47,3.48,3.56,3.46,3.55,3.48,3.46,3.32,3.31,3.29,3.23,3.18,3.19,3.18,3.10,3.04,2.97,2.89,2.87
CMR,Cameroon,tCO2e per capita,6.41,6.93,6.70,6.30,10.13,9.84,9.68,9.49,9.51,9.19,9.05,7.91,7.69,7.67,7.29,7.24,6.90,6.74,6.58,6.38,6.23,5.67,5.53,5.46,5.36,5.30,5.23,5.07,4.98,4.89,4.82,4.65
AGO,Angola,tCO2e per capita,5.92,5.77,5.65,5.68,5.72,5.77,5.71,5.47,5.91,5.57,5.01,6.43,6.34,6.49,6.47,6.30,5.88,5.92,5.90,5.83,5.86,5.65,5.45,5.33,5.16,5.18,4.88,4.73,4.09,4.25,3.72,3.68
QAT,Qatar,tCO2e per capita,34.48,39.92,38.03,43.02,47.44,48.49,52.78,64.76,65.55,69.51,68.50,65.45,68.95,70.57,69.01,62.00,58.94,55.96,51.31,45.76,46.40,47.63,48.31,46.31,45.98,45.23,44.60,43.95,42.53,43.15,41.17,41.06
TCD,Chad,tCO2e per capita,4.10,5.01,5.00,4.98,4.97,4.96,5.32,5.36,5.77,5.79,5.60,5.88,6.12,6.27,6.37,6.51,6.43,6.44,6.25,6.05,6.17,6.91,7.02,6.90,6.86,6.97,6.93,6.84,6.93,6.90,7.04,7.03
ZWE,Zimbabwe,tCO2e per capita,4.09,4.02,4.01,3.62,3.54,3.48,3.61,3.50,3.59,3.76,3.49,3.61,3.33,3.13,3.14,3.18,3.07,3.09,2.91,2.93,3.12,3.59,3.25,3.16,2.97,3.05,8.25,8.11,8.12,7.93,7.62,7.62
MOZ,Mozambique,tCO2e per capita,6.57,6.43,6.25,6.06,5.84,5.66,4.48,4.22,4.30,4.12,3.89,4.99,4.64,4.78,4.65,4.73,4.55,4.44,4.48,4.14,4.44,3.95,4.07,4.04,3.93,3.74,4.02,3.87,3.89,3.59,3.40,3.40
LBY,Libya,tCO2e per capita,16.78,17.27,15.36,16.31,18.54,19.68,19.85,18.34,18.09,17.52,17.93,17.09,16.74,17.87,18.16,19.36,19.45,18.56,19.03,18.50,19.30,10.70,18.65,16.35,14.04,12.50,11.82,14.47,15.42,15.94,10.48,15.62
CZE,Czech Republic,tCO2e per capita,17.00,15.35,14.90,14.22,13.56,13.45,13.85,13.58,12.91,12.10,13.30,13.57,13.05,13.38,13.40,13.23,13.30,13.40,12.77,12.12,12.21,12.25,11.90,11.40,11.13,11.29,11.23,11.20,11.05,10.51,9.62,10.11
BEL,Belgium,tCO2e per capita,12.73,13.16,12.91,12.64,13.14,13.12,13.62,13.28,13.52,13.11,13.10,13.19,12.43,12.70,12.44,12.11,11.66,11.13,11.29,10.61,11.21,10.05,9.88,9.91,9.32,9.68,9.75,9.52,9.54,9.41,8.66,8.94
OMN,Oman,tCO2e per capita,11.61,13.31,12.66,12.89,13.39,14.65,14.88,15.40,14.98,16.27,18.09,19.50,19.86,20.22,19.39,18.88,21.51,21.95,21.08,21.20,21.46,22.36,23.15,22.60,22.03,21.82,21.57,20.51,20.84,20.38,18.92,19.71
ECU,Ecuador,tCO2e per capita,7.26,7.16,7.23,7.22,7.35,7.41,7.61,7.61,7.31,6.94,6.76,6.42,6.28,6.26,6.48,6.50,6.57,6.43,6.44,6.57,6.70,5.86,5.77,5.88,5.90,5.70,6.09,5.90,5.87,5.79,5.35,5.50
PRY,Paraguay,tCO2e per capita,17.84,16.69,16.12,15.77,15.38,15.44,15.04,14.94,14.64,14.94,13.76,16.53,16.36,16.29,15.59,15.59,15.36,15.80,15.17,15.29,15.48,17.34,17.30,17.30,17.33,17.15,13.80,14.03,13.59,13.75,13.64,13.53
MAR,Morocco,tCO2e per capita,1.29,1.31,1.33,1.30,1.39,1.40,1.40,1.45,1.47,1.53,1.55,1.66,1.70,1.68,1.84,1.90,1.92,1.93,2.00,1.97,2.05,2.27,2.29,2.27,2.27,2.31,2.23,2.32,2.33,2.48,2.34,2.49
ZMB,Zambia,tCO2e per capita,7.77,7.61,7.45,7.22,6.96,6.77,5.22,5.13,5.12,4.82,4.36,5.05,5.15,5.79,5.80,5.77,5.01,5.08,5.22,4.79,5.32,6.25,6.29,6.09,5.88,6.06,5.82,5.70,5.48,5.32,4.97,4.68
BLR,Belarus,tCO2e per capita,12.65,11.99,10.66,9.39,8.12,7.39,7.50,7.58,7.43,7.27,7.05,7.74,7.74,7.89,8.32,8.46,8.85,8.75,9.21,8.92,9.43,10.06,10.24,10.31,10.22,9.74,9.09,9.26,9.59,9.42,9.20,9.24
ISR,Israel,tCO2e per capita,9.46,9.12,9.36,9.89,10.25,10.68,10.95,11.20,11.17,11.25,11.74,11.44,11.51,11.43,11.39,11.00,11.41,11.65,11.53,11.19,11.70,11.46,12.07,10.79,10.36,10.41,10.20,10.18,9.58,9.68,9.18,9.14
PRK,North Korea,tCO2e per capita,7.95,7.45,6.64,6.09,5.48,5.00,4.41,4.20,3.85,4.01,4.13,4.03,3.84,3.88,3.96,4.07,4.13,3.58,3.90,3.81,3.72,3.04,2.97,2.52,2.67,2.29,2.41,3.92,3.64,3.89,3.71,3.24
ROU,Romania,tCO2e per capita,10.13,8.49,7.67,7.19,6.99,7.25,7.43,6.91,6.20,5.49,5.67,5.82,5.81,6.08,6.01,6.02,6.22,6.18,6.18,5.44,5.32,-8.44,-8.59,-9.09,-9.16,-9.09,4.07,4.26,4.34,4.28,3.96,4.30
MNG,Mongolia,tCO2e per capita,24.84,25.47,24.19,23.45,22.48,22.71,22.29,23.05,22.70,22.56,22.85,21.27,20.34,20.03,19.75,20.61,21.49,22.28,22.03,22.11,20.71,21.34,22.13,22.57,22.99,23.00,23.29,23.76,23.93,24.60,23.28,23.69
KHM,Cambodia,tCO2e per capita,2.81,2.68,2.64,2.63,2.43,2.60,2.15,2.21,2.45,2.36,2.17,2.12,2.33,2.49,2.52,2.37,2.62,2.66,2.60,2.65,2.54,6.98,6.70,6.62,6.53,6.55,4.31,4.42,4.40,4.56,4.58,4.54
KEN,Kenya,tCO2e per capita,1.30,1.20,1.16,1.12,1.10,1.07,1.02,0.98,1.00,1.03,0.97,1.51,1.50,1.49,1.52,1.49,1.46,1.85,1.82,1.78,1.77,1.61,1.55,1.53,1.55,1.56,1.30,1.23,1.22,1.34,1.46,1.36
GRC,Greece,tCO2e per capita,9.24,9.14,9.27,9.25,9.45,9.83,9.89,9.94,10.28,10.32,10.82,10.80,10.78,11.05,11.03,11.18,11.01,11.34,10.90,10.28,9.65,9.61,9.26,8.63,8.40,8.30,8.22,8.19,7.96,7.46,6.56,6.74
NZL,New Zealand,tCO2e per capita,13.91,13.15,13.25,12.87,13.12,13.28,13.18,13.65,13.09,13.62,13.59,15.00,15.05,15.37,15.00,15.17,15.02,14.60,14.48,13.66,13.55,14.72,15.23,15.01,14.90,14.46,15.14,15.17,14.75,14.74,13.82,13.78
IRL,Ireland,tCO2e per capita,18.38,18.42,18.34,18.43,18.76,18.87,19.09,19.27,19.96,20.18,20.76,21.09,20.38,20.26,19.70,19.57,19.19,18.30,17.68,16.32,15.95,15.00,15.24,14.98,14.93,15.18,15.51,15.17,14.50,13.89,13.32,13.72
AUT,Austria,tCO2e per capita,8.25,8.72,7.88,7.81,7.79,8.09,8.54,8.41,8.40,8.15,8.16,9.58,9.72,10.28,10.32,10.26,9.94,9.55,9.49,8.60,9.28,8.92,8.47,8.49,7.99,8.05,8.00,8.16,7.77,7.85,7.20,7.52
SGP,Singapore,tCO2e per capita,10.13,10.85,11.34,13.01,13.63,13.60,13.44,13.02,12.41,12.62,13.61,13.23,12.93,12.35,12.55,11.62,11.36,11.18,10.66,10.45,11.01,11.37,11.02,11.01,11.08,11.26,11.18,11.72,11.39,11.39,11.30,12.35
SSD,South Sudan,tCO2e per capita,6.99,7.24,7.84,8.39,8.90,9.04,9.79,10.43,10.96,11.05,10.88,9.57,9.82,9.86,9.85,9.88,9.28,9.32,8.98,8.80,8.38,7.75,6.02,5.90,5.95,5.85,6.12,5.86,6.43,5.57,6.36,5.90
HUN,Hungary,tCO2e per capita,8.78,8.29,7.34,7.39,7.38,7.22,7.45,7.30,7.31,7.41,7.14,7.44,7.30,7.59,7.49,7.44,7.38,7.17,7.05,6.48,6.49,6.34,5.98,5.76,5.80,6.11,6.27,6.49,6.48,6.46,6.29,6.44
BWA,Botswana,tCO2e per capita,42.23,40.52,39.59,38.34,37.56,37.28,37.13,35.97,34.98,34.22,33.33,34.37,33.98,28.73,28.50,28.84,29.31,27.87,32.18,26.41,31.97,34.44,26.80,26.74,25.78,25.14,24.12,25.42,24.21,22.48,22.69,26.00
FIN,Finland,tCO2e per capita,8.92,8.85,8.19,8.39,9.66,8.85,10.08,9.69,8.97,8.86,8.63,12.70,13.13,14.69,13.93,11.54,13.71,13.27,11.67,10.97,12.44,3.58,2.53,2.65,1.91,1.26,12.91,12.42,12.65,12.11,11.20,11.18
SRB,Serbia,tCO2e per capita,10.44,8.99,8.28,7.47,6.95,7.91,8.93,9.58,9.60,7.32,7.63,3.58,4.03,4.47,5.16,4.15,4.54,4.41,4.13,3.81,3.76,8.91,8.28,8.42,7.34,8.27,8.91,9.01,8.82,8.88,9.11,8.88
BFA,Burkina Faso,tCO2e per capita,2.76,2.73,2.69,2.65,2.62,2.59,2.63,2.61,2.62,2.53,2.58,2.66,2.65,2.84,2.81,2.78,2.69,2.66,2.64,2.61,2.64,1.94,1.92,1.91,1.88,1.90,2.91,2.88,2.85,2.82,2.77,2.76
CAF,Central African Republic,tCO2e per capita,17.55,17.23,16.77,16.31,16.64,16.23,11.56,12.24,13.45,12.09,12.15,14.70,12.91,16.61,13.59,15.38,14.41,15.05,14.36,11.26,13.23,13.97,13.03,12.51,11.66,11.77,13.72,12.29,12.29,11.66,11.51,11.46
BHR,Bahrain,tCO2e per capita,32.11,30.58,33.99,34.96,34.83,35.27,36.52,37.21,38.89,38.40,38.45,37.79,37.50,36.74,34.66,36.01,35.97,34.42,34.20,32.76,32.85,32.45,33.12,34.90,35.89,35.50,34.58,33.57,32.42,33.09,32.02,31.68
UGA,Uganda,tCO2e per capita,1.61,1.58,1.54,1.51,1.45,1.44,1.43,1.45,1.48,1.43,1.38,1.31,1.30,1.33,1.29,1.32,1.23,1.29,1.45,1.42,1.42,1.38,1.39,1.35,1.33,1.33,1.32,1.27,1.25,1.20,1.18,1.16
AZE,Azerbaijan,tCO2e per capita,10.90,10.36,11.39,8.25,5.37,5.19,4.43,4.33,4.36,4.36,4.54,4.40,4.38,4.68,4.64,4.97,5.19,5.03,5.44,4.86,4.67,4.77,5.04,5.10,5.16,5.08,5.17,5.04,5.14,5.34,5.15,5.38
PRT,Portugal,tCO2e per capita,5.78,5.97,6.38,6.26,6.44,6.79,6.60,6.80,7.28,7.90,7.79,7.59,7.99,7.55,7.67,7.98,7.46,7.31,7.09,7.01,6.50,6.29,6.15,6.03,6.02,6.44,6.47,6.97,6.50,6.01,5.43,5.21
CIV,Côte d'Ivoire,tCO2e per capita,5.78,5.79,5.79,5.80,5.81,5.68,5.57,5.51,5.40,5.39,5.25,3.08,3.02,2.80,2.65,2.67,2.56,2.48,2.40,2.27,2.21,2.14,2.16,2.17,2.11,2.10,2.10,2.07,2.01,2.00,1.97,1.98
PNG,Papua New Guinea,tCO2e per capita,6.24,6.31,6.38,6.45,6.48,6.91,6.66,9.16,6.48,6.47,6.50,6.32,6.32,6.18,6.24,5.88,5.74,5.60,5.40,5.30,5.18,6.15,6.11,6.14,6.22,6.44,6.26,6.15,6.16,6.04,6.02,5.84
NPL,Nepal,tCO2e per capita,1.05,1.04,1.00,1.01,1.02,1.04,1.02,1.01,1.02,1.06,1.05,0.93,0.88,0.93,0.91,0.93,0.90,0.89,0.93,1.00,1.04,1.33,1.39,1.42,1.47,1.42,1.65,1.66,1.70,1.67,1.71,1.73
CHL,Chile,tCO2e per capita,2.17,2.05,2.14,2.30,2.55,2.77,3.17,3.61,3.64,3.79,3.48,2.09,2.12,2.14,2.46,2.47,2.52,2.96,3.22,3.04,3.31,1.03,1.16,1.32,0.90,1.23,2.72,2.78,2.68,2.96,2.58,2.64
MLI,Mali,tCO2e per capita,2.06,2.01,1.97,1.95,1.93,1.91,1.91,1.94,2.30,2.34,2.21,1.89,1.87,1.86,1.99,1.99,1.95,1.96,2.00,1.96,2.02,2.02,2.01,2.02,2.02,2.04,2.22,2.22,2.23,2.28,2.33,2.33
NER,Niger,tCO2e per capita,2.32,2.30,2.29,2.29,2.26,2.25,2.25,2.24,2.25,2.22,2.19,1.80,1.79,1.80,1.80,1.80,1.80,1.82,1.83,1.84,1.78,1.77,1.82,1.85,1.87,1.85,1.87,1.86,1.88,1.89,1.90,1.93
SYR,Syria,tCO2e per capita,5.74,6.34,6.55,6.65,6.69,6.78,6.71,6.52,6.56,6.35,6.16,6.09,6.15,5.99,5.39,5.76,5.66,5.56,5.38,5.02,4.97,4.78,3.67,2.65,2.45,2.43,2.49,2.65,2.75,2.74,2.65,2.55
SLB,Solomon Islands,tCO2e per capita,13.77,13.44,13.10,12.78,12.48,12.17,11.87,11.58,11.30,11.04,10.79,5.30,5.20,5.11,5.04,4.96,4.88,4.82,4.75,4.68,4.60,-31.50,-30.65,-29.74,-29.00,-28.26,74.60,72.69,70.88,69.13,67.44,65.85
LAO,Laos,tCO2e per capita,4.61,4.47,4.41,4.30,4.27,4.19,4.12,3.97,4.23,3.91,3.82,3.85,4.03,4.07,4.86,4.27,3.99,4.89,3.95,4.11,4.72,3.43,3.71,3.83,3.81,4.45,5.62,5.70,5.66,5.70,6.04,6.08
DNK,Denmark,tCO2e per capita,13.75,15.83,14.59,15.05,15.70,15.03,17.51,15.61,14.80,14.23,13.49,13.69,13.52,14.51,13.33,12.61,13.98,13.02,12.29,11.70,11.69,10.32,9.36,9.58,8.78,8.36,9.08,8.62,8.49,7.83,7.39,7.57
CHE,Switzerland,tCO2e per capita,7.74,7.97,7.87,7.46,7.27,7.35,7.41,7.18,7.38,7.36,7.22,7.28,6.99,7.11,7.13,7.18,7.09,6.78,6.90,6.63,6.76,6.19,6.28,6.34,5.80,5.64,5.64,5.47,5.28,5.22,4.89,5.06
SOM,Somalia,tCO2e per capita,5.80,5.36,5.08,5.34,5.56,5.56,5.48,5.35,5.14,4.96,4.80,4.69,4.58,4.45,4.35,4.26,4.01,3.80,3.70,3.60,3.52,3.43,3.37,3.28,3.21,3.12,3.04,2.95,2.87,2.81,2.74,2.64
DOM,Dominican Republic,tCO2e per capita,1.19,1.32,1.50,1.54,1.77,1.80,1.88,2.06,2.27,2.30,2.35,3.03,3.26,2.95,2.83,2.94,3.11,3.20,3.17,3.08,3.18,3.26,3.30,3.24,3.24,3.44,3.48,3.37,3.57,3.80,3.63,3.86
GIN,Guinea,tCO2e per capita,2.99,2.95,2.92,2.90,2.88,2.86,2.72,2.71,2.82,2.70,2.70,2.75,2.82,2.81,2.75,2.85,2.83,2.81,2.81,2.79,2.95,3.02,3.07,3.02,2.99,2.97,3.21,3.16,3.05,3.11,3.13,3.04
MDG,Madagascar,tCO2e per capita,4.62,4.49,4.38,4.28,4.13,4.04,3.96,3.79,3.75,3.62,3.42,2.85,2.61,2.68,2.54,2.70,2.54,2.54,2.40,2.39,2.36,1.75,1.72,1.65,1.63,1.62,1.64,1.58,1.48,1.50,1.45,1.42
TUN,Tunisia,tCO2e per capita,2.55,2.61,2.71,2.67,2.59,2.60,2.70,2.72,2.84,2.96,3.07,3.10,3.09,3.05,3.16,3.20,3.29,3.41,3.42,3.42,3.61,3.92,4.12,4.02,4.20,4.19,3.36,3.35,3.36,3.32,3.13,3.35
GTM,Guatemala,tCO2e per capita,3.08,3.04,3.09,3.08,3.02,3.05,3.00,2.95,3.22,3.02,3.15,2.79,2.83,2.95,2.76,2.90,2.76,2.84,2.68,2.75,2.68,2.26,2.26,2.31,2.33,2.49,2.26,2.19,2.25,2.30,2.18,2.30
NIC,Nicaragua,tCO2e per capita,6.98,6.50,6.57,6.57,6.50,6.24,6.12,6.19,6.28,6.29,6.30,7.01,6.99,7.12,6.92,6.93,6.85,6.79,6.68,6.59,6.58,4.54,4.53,4.52,4.62,4.70,6.05,5.96,5.89,5.91,5.82,5.81
SVK,Slovakia,tCO2e per capita,10.81,9.23,8.76,8.27,7.74,7.82,7.81,7.77,7.54,7.27,6.79,7.11,7.03,7.08,6.95,7.10,7.02,6.84,6.84,6.16,6.44,6.30,5.85,5.97,5.47,5.55,6.90,7.24,7.13,6.79,6.40,6.97
LKA,Sri Lanka,tCO2e per capita,1.63,1.60,1.68,1.68,1.71,1.70,1.69,1.57,1.43,1.39,1.34,1.20,1.24,1.29,1.29,1.37,1.28,1.32,1.33,1.27,1.33,1.36,1.45,1.30,1.41,1.52,1.72,1.66,1.62,1.73,1.68,1.69
URY,Uruguay,tCO2e per capita,4.97,5.45,5.92,6.04,5.96,5.98,6.35,6.22,6.05,6.34,5.76,6.61,6.70,6.97,7.55,7.60,8.23,7.91,8.66,8.50,7.76,9.11,9.34,9.02,8.84,8.78,10.33,10.07,9.99,10.07,9.86,10.69
SEN,Senegal,tCO2e per capita,2.36,2.33,2.32,2.28,2.26,2.23,2.35,2.35,2.42,2.59,2.53,2.35,2.27,2.14,2.28,2.29,2.28,2.23,2.25,2.23,2.25,2.12,2.03,2.07,2.05,2.04,2.14,2.10,2.07,2.08,2.09,2.11
SWE,Sweden,tCO2e per capita,8.67,8.69,8.93,8.88,9.02,8.93,9.55,8.84,8.93,8.79,8.33,6.66,6.79,6.89,6.71,6.28,6.09,5.83,5.66,5.20,5.78,4.15,3.82,3.61,3.45,3.41,3.88,3.80,3.55,3.44,3.29,3.46
JOR,Jordan,tCO2e per capita,5.23,5.08,5.49,5.37,5.37,5.08,4.77,4.55,4.31,4.04,4.08,4.03,4.10,4.12,4.30,4.44,4.42,4.46,4.16,4.09,3.82,3.71,3.98,3.81,3.87,3.80,3.72,3.82,3.67,3.53,3.33,3.43
AFG,Afghanistan,tCO2e per capita,0.74,0.71,0.63,0.59,0.55,0.54,0.58,0.61,0.64,0.67,0.57,0.59,0.68,0.68,0.63,0.65,0.66,0.68,0.77,0.86,0.98,1.07,0.98,0.94,0.93,0.91,0.88,0.88,0.89,0.88,0.89,0.88
NOR,Norway,tCO2e per capita,8.26,7.61,7.61,8.13,8.52,8.46,8.45,8.79,9.03,9.42,8.12,6.41,6.27,6.68,6.71,6.45,6.47,6.47,6.50,6.22,6.59,7.07,6.91,6.96,6.88,6.97,6.81,6.70,6.55,6.28,5.98,6.01
CUB,Cuba,tCO2e per capita,4.15,3.26,2.66,2.33,2.45,2.55,2.78,2.97,2.92,2.94,2.96,2.91,2.80,2.71,2.65,2.66,2.75,2.83,2.77,2.85,2.96,2.73,2.82,2.85,2.65,2.82,3.50,3.38,3.42,3.21,2.89,2.84
HND,Honduras,tCO2e per capita,3.49,3.41,3.38,3.25,3.28,3.32,3.14,3.12,3.12,2.86,2.86,2.79,2.78,3.14,2.96,3.02,2.99,3.01,2.98,2.92,2.85,3.14,3.08,3.06,3.07,3.08,3.02,2.82,2.81,2.87,2.84,2.77
COG,Republic of Congo,tCO2e per capita,7.87,7.66,7.57,7.19,6.62,6.73,6.58,6.64,6.90,6.90,6.76,6.38,5.55,5.85,5.85,6.20,6.41,5.59,5.54,5.64,5.94,5.79,5.18,5.26,5.01,5.06,5.09,5.02,5.41,5.48,5.24,4.90
YEM,Yemen,tCO2e per capita,1.80,1.86,1.80,1.84,2.23,2.22,2.19,2.24,2.26,2.38,2.53,2.53,2.47,2.57,2.50,2.53,2.47,2.40,2.31,2.35,2.28,1.96,1.73,2.02,1.87,1.04,0.83,0.85,0.91,0.95,0.89,0.87
NAM,Namibia,tCO2e per capita,false,13.42,13.03,12.69,12.53,12.31,11.97,11.64,11.82,11.63,11.88,11.56,10.76,10.92,11.03,11.27,11.76,11.19,10.24,11.53,11.01,13.26,13.76,10.27,9.75,9.62,9.70,9.58,9.11,8.58,9.60,9.60
BEN,Benin,tCO2e per capita,3.93,3.82,3.70,3.58,3.51,3.36,3.52,3.47,3.53,3.40,3.32,2.43,2.50,2.42,2.36,2.44,2.40,2.42,2.31,2.32,2.30,2.25,2.18,2.19,2.18,2.16,2.26,2.21,2.26,2.23,2.22,1.99
LTU,Lithuania,tCO2e per capita,14.01,14.36,10.44,8.89,8.39,8.02,8.30,8.30,8.61,7.88,7.45,7.50,7.66,7.77,8.13,8.61,8.79,9.21,9.13,8.09,8.52,6.53,6.59,6.35,6.24,6.38,8.37,8.46,8.57,8.63,8.63,8.75
LBN,Lebanon,tCO2e per capita,2.60,3.01,2.88,3.78,3.88,4.39,4.58,5.13,5.18,5.36,4.93,5.07,4.84,4.77,4.70,4.45,4.19,3.97,4.77,5.43,5.10,4.97,5.15,4.82,4.90,5.02,5.05,5.24,4.99,4.97,4.27,3.60
TTO,Trinidad and Tobago,tCO2e per capita,17.84,17.63,17.40,13.56,10.49,10.09,10.94,11.24,11.52,11.87,12.53,13.87,15.18,18.15,18.85,20.47,23.13,23.52,23.13,22.36,24.25,24.83,24.32,24.85,24.67,23.84,21.08,21.13,20.93,21.24,18.96,17.34
BIH,Bosnia and Herzegovina,tCO2e per capita,7.54,7.05,5.56,4.93,2.47,2.51,2.83,4.16,4.92,4.90,5.90,5.00,5.04,5.18,5.45,5.65,6.15,6.45,7.03,7.08,7.15,6.98,6.59,6.65,6.04,6.20,7.63,7.79,7.85,7.38,7.42,7.36
PAN,Panama,tCO2e per capita,5.51,5.59,5.74,5.72,5.71,5.67,5.55,5.41,5.68,5.28,5.20,5.03,4.71,4.72,4.62,5.03,5.10,5.01,4.95,5.31,5.39,5.59,5.68,5.58,5.60,5.48,5.43,5.24,5.16,5.86,4.99,5.26
MWI,Malawi,tCO2e per capita,1.23,1.23,1.22,1.23,1.18,1.19,1.17,1.14,1.13,1.10,1.07,1.05,1.06,1.07,1.04,1.03,1.00,1.02,1.03,0.99,1.04,1.01,1.02,0.99,1.00,1.00,1.00,0.98,1.05,1.08,1.14,1.12
GAB,Gabon,tCO2e per capita,16.98,17.71,17.27,16.98,17.67,18.37,18.79,18.24,18.67,17.28,16.29,15.46,14.55,15.26,14.65,13.95,12.56,11.71,11.79,11.28,11.41,12.93,12.21,11.81,11.56,11.40,11.22,10.12,9.53,9.73,9.36,8.89
GUY,Guyana,tCO2e per capita,10.44,10.65,10.58,11.56,11.89,12.77,13.12,13.55,13.81,13.87,13.49,14.52,14.40,14.78,15.14,14.65,14.39,14.81,14.99,15.01,15.34,25.53,25.74,25.82,25.96,26.00,22.53,22.54,22.62,22.94,23.91,23.55
GEO,Georgia,tCO2e per capita,6.52,4.50,2.95,1.80,0.35,-0.29,-0.64,-0.85,-0.99,-1.07,-0.99,2.06,1.94,2.09,2.12,2.27,2.38,2.59,2.37,2.58,2.53,3.80,4.06,4.35,4.52,4.61,4.71,4.69,4.60,4.81,4.75,4.90
BGR,Bulgaria,tCO2e per capita,8.77,6.89,6.28,6.16,5.72,5.89,5.99,5.65,5.26,4.46,4.41,4.57,4.33,4.99,4.86,4.90,4.93,5.52,5.24,4.27,4.52,6.91,6.16,5.48,5.87,6.29,2.89,3.21,2.77,2.53,1.81,2.63
TJK,Tajikistan,tCO2e per capita,3.38,3.12,2.54,1.99,1.52,1.39,1.26,1.28,1.25,1.15,1.07,0.99,0.98,0.99,1.05,1.04,1.09,1.17,1.20,1.13,1.12,1.13,1.20,1.23,1.38,1.42,1.51,1.63,1.75,1.85,1.87,1.83
HRV,Croatia,tCO2e per capita,5.84,4.55,4.87,5.00,4.94,5.25,5.32,5.53,5.51,5.61,5.44,5.86,6.09,6.35,6.29,6.27,6.43,6.79,6.60,6.01,5.89,5.70,5.25,5.00,4.84,5.02,4.39,4.60,4.38,4.42,4.22,4.55
GHA,Ghana,tCO2e per capita,1.45,1.41,1.40,1.37,1.35,1.33,1.36,1.39,1.56,1.45,1.43,3.12,3.10,3.05,2.94,2.97,2.95,2.89,2.80,2.78,2.78,2.15,2.17,2.21,2.14,2.15,0.21,0.27,0.33,0.38,0.49,0.54
EST,Estonia,tCO2e per capita,26.08,24.23,18.61,15.54,15.85,14.71,15.50,15.39,14.59,14.12,13.75,14.04,13.83,15.30,15.56,15.55,15.16,18.00,16.35,13.81,17.25,13.64,12.57,14.08,13.13,10.74,17.93,18.60,17.76,13.42,11.12,12.05
SVN,Slovenia,tCO2e per capita,4.00,3.42,3.32,3.69,3.73,4.14,4.55,4.79,4.67,4.33,4.22,3.62,3.65,3.63,3.73,3.85,4.00,3.97,4.44,3.43,3.56,7.86,7.54,7.23,6.49,6.54,8.37,8.45,8.35,8.09,7.44,7.56
LBR,Liberia,tCO2e per capita,6.92,6.98,7.13,7.22,7.18,6.98,6.56,6.11,5.68,5.26,5.00,4.82,4.71,4.68,4.61,4.51,4.46,4.22,4.05,4.16,3.82,3.75,3.67,3.57,3.54,3.63,3.28,3.20,3.11,3.17,3.01,2.95
KGZ,Kyrgyzstan,tCO2e per capita,7.15,6.49,4.77,3.70,2.57,1.95,2.12,2.06,2.08,1.76,1.72,1.79,1.97,2.08,2.08,2.00,2.00,2.21,2.39,2.30,2.22,2.32,2.75,2.60,2.66,2.66,2.12,2.05,2.35,2.12,1.96,2.11
MDA,Moldova,tCO2e per capita,12.77,10.67,9.03,7.89,6.87,6.21,5.61,5.06,4.57,4.11,3.83,3.68,3.73,3.95,3.95,4.07,3.96,4.05,4.01,3.78,4.10,4.35,4.26,3.96,4.18,4.30,4.62,4.69,4.97,5.12,5.03,5.48
SUR,Suriname,tCO2e per capita,14.56,15.15,15.12,14.91,14.75,14.73,14.77,14.54,14.48,14.38,12.73,13.43,12.12,12.43,12.94,13.23,12.95,12.61,12.82,12.90,13.43,21.75,22.37,21.88,22.36,22.29,24.54,23.40,22.56,23.36,23.10,22.85
SLV,El Salvador,tCO2e per capita,1.51,1.63,1.68,1.75,1.83,1.86,1.83,1.96,1.96,1.98,1.90,2.00,2.03,2.11,2.16,2.21,2.28,2.37,2.27,2.20,2.15,2.12,2.14,2.01,2.04,2.11,2.09,1.94,1.99,2.12,1.90,2.05
GNQ,Equatorial Guinea,tCO2e per capita,9.64,9.69,12.14,12.04,11.89,11.77,11.95,14.01,15.37,17.61,15.44,18.27,16.94,17.76,22.16,21.81,20.73,20.54,18.71,15.83,15.50,14.07,13.49,12.77,13.81,12.55,11.61,10.47,9.83,9.33,8.91,8.45
BRN,Brunei,tCO2e per capita,23.13,23.25,23.69,24.58,24.97,25.62,25.43,26.80,36.75,22.80,23.59,22.98,22.44,25.29,23.33,22.56,29.60,27.89,29.91,28.96,26.79,24.77,24.32,23.46,23.07,20.83,22.33,23.00,23.43,22.77,27.58,27.26
LVA,Latvia,tCO2e per capita,5.67,4.97,4.06,2.90,1.77,1.16,1.18,0.96,0.81,0.59,0.37,0.09,0.11,0.24,0.26,0.35,0.61,0.82,0.70,0.35,0.92,6.05,6.03,6.06,6.07,6.14,6.05,6.07,6.40,6.36,6.07,6.20
ARM,Armenia,tCO2e per capita,6.93,7.15,4.30,2.57,1.87,2.08,1.77,2.01,2.02,1.86,1.99,2.04,1.94,2.10,2.24,2.50,2.65,2.89,3.10,2.72,2.67,2.82,3.16,3.13,3.11,3.10,3.22,3.15,3.21,3.35,3.53,3.73
HTI,Haiti,tCO2e per capita,0.77,0.78,0.83,0.76,0.68,0.77,0.79,0.83,0.83,0.83,0.88,0.89,0.90,0.89,0.86,0.86,0.85,0.88,0.87,0.86,0.91,0.98,0.95,0.96,0.99,1.00,1.01,1.00,0.98,0.98,0.96,0.95
SLE,Sierra Leone,tCO2e per capita,1.50,1.49,1.49,1.51,1.51,1.48,1.40,1.40,1.41,1.32,1.28,1.28,1.31,1.36,1.35,1.32,1.48,1.30,1.24,1.26,1.24,1.28,1.38,1.38,1.40,1.38,1.34,1.31,1.34,1.19,1.19,1.26
MKD,Macedonia,tCO2e per capita,7.00,6.61,6.26,6.28,6.05,5.85,6.62,6.02,6.36,5.86,5.68,5.66,5.40,5.76,5.65,5.78,5.77,6.01,5.89,5.54,5.48,5.90,5.68,5.23,5.04,4.90,4.84,5.07,4.82,5.25,4.71,4.71
TGO,Togo,tCO2e per capita,1.65,1.57,1.46,1.40,1.43,1.39,1.49,1.39,1.56,1.59,1.45,0.98,1.04,1.13,1.06,1.19,1.07,0.99,1.01,1.22,1.16,1.21,1.11,1.07,0.98,1.06,1.09,1.04,1.06,1.06,1.12,1.10
MRT,Mauritania,tCO2e per capita,3.03,3.04,2.88,2.88,2.75,2.69,2.83,2.88,2.95,3.06,3.13,3.08,2.98,2.95,2.84,2.79,2.83,2.75,2.47,2.57,2.64,2.56,2.56,2.53,2.50,2.49,2.07,2.01,1.98,1.98,1.93,1.93
LUX,Luxembourg,tCO2e per capita,30.26,31.10,29.92,30.04,27.53,21.90,21.80,20.34,18.50,19.16,20.37,21.50,23.04,23.69,26.52,26.63,25.78,24.16,23.57,21.95,22.72,22.50,21.54,20.09,18.69,17.36,16.43,16.33,16.50,16.47,13.55,13.92
ALB,Albania,tCO2e per capita,3.46,2.76,2.15,2.15,2.42,2.38,2.31,2.09,2.18,2.58,2.73,2.29,2.50,2.65,2.68,2.62,2.61,2.65,2.58,2.62,2.79,3.02,2.84,2.92,3.08,2.97,3.11,3.37,3.29,3.14,2.96,3.06
JAM,Jamaica,tCO2e per capita,3.86,3.83,4.12,4.17,4.14,4.24,4.33,4.34,4.51,4.59,4.60,3.49,3.53,3.67,3.61,3.58,4.00,3.95,3.07,2.43,2.28,3.23,3.03,3.18,3.09,3.04,3.17,3.06,3.52,3.44,2.55,2.74
RWA,Rwanda,tCO2e per capita,0.72,0.73,0.77,0.81,0.82,0.87,0.88,0.88,0.81,0.78,0.72,0.68,0.69,0.70,0.70,0.69,0.71,0.70,0.71,0.70,0.71,0.60,0.60,0.60,0.59,0.63,0.60,0.60,0.60,0.61,0.59,0.61
CYP,Cyprus,tCO2e per capita,7.01,7.53,7.90,8.06,8.18,7.88,8.16,8.09,8.30,8.44,8.57,8.13,8.22,8.76,8.56,8.52,8.51,8.68,8.73,8.45,8.04,7.68,7.16,6.49,6.79,6.80,7.13,7.20,6.99,6.92,6.52,6.57
CRI,Costa Rica,tCO2e per capita,3.50,3.51,3.76,3.69,3.72,3.52,3.42,3.36,3.47,3.35,3.24,2.54,2.50,2.55,2.52,2.61,2.65,2.93,2.93,2.79,2.79,1.43,1.41,1.51,1.48,1.45,1.60,1.65,1.69,1.67,1.39,1.50
BDI,Burundi,tCO2e per capita,1.19,1.18,1.15,1.12,1.09,1.10,1.09,1.09,1.09,1.09,1.08,0.73,0.71,0.68,0.67,0.66,0.66,0.65,0.64,0.64,0.66,0.11,0.11,0.15,0.14,0.14,0.64,0.68,0.68,0.63,0.62,0.62
BLZ,Belize,tCO2e per capita,69.91,69.73,69.04,68.53,67.74,60.71,53.39,46.99,40.91,34.66,29.52,15.81,15.69,16.42,14.33,14.56,14.19,14.57,13.98,14.04,13.96,21.73,19.59,19.80,18.98,19.25,18.15,17.92,17.44,17.64,17.35,16.81
ERI,Eritrea,tCO2e per capita,1.82,1.81,2.14,1.97,2.08,2.14,2.40,2.63,2.59,2.64,2.62,2.41,2.29,2.24,2.16,2.07,1.94,1.99,1.92,1.90,1.85,1.90,false,false,false,false,false,false,false,false,false,false
MUS,Mauritius,tCO2e per capita,2.16,2.22,2.28,2.39,2.42,2.46,2.59,2.65,2.86,3.27,3.61,3.76,3.75,3.88,3.88,4.01,4.34,4.43,4.50,4.49,4.70,4.66,4.78,4.87,5.02,5.05,5.15,5.30,5.31,5.39,5.07,5.30
TLS,Timor-Leste,tCO2e per capita,1.24,1.30,1.26,1.26,1.33,1.32,1.33,1.33,1.34,1.21,1.27,2.42,3.52,4.32,5.01,5.87,6.11,6.27,6.52,6.70,6.86,6.64,6.51,6.29,6.17,6.00,5.74,5.49,5.18,5.06,4.69,4.62
LSO,Lesotho,tCO2e per capita,1.75,1.74,1.82,1.78,1.75,1.69,1.67,1.70,1.62,1.84,1.80,1.80,1.72,1.77,1.76,1.87,1.86,1.91,1.89,1.95,1.97,2.34,2.35,1.93,1.98,1.87,1.83,2.03,1.88,1.82,1.58,2.15
GNB,Guinea-Bissau,tCO2e per capita,3.27,3.21,3.17,3.13,3.09,3.05,2.67,2.66,2.80,3.04,2.73,2.92,2.99,2.93,2.78,2.63,2.85,2.79,2.61,2.55,2.59,2.47,2.76,2.50,2.49,2.55,2.29,2.19,2.19,2.18,2.15,2.02
BRB,Barbados,tCO2e per capita,13.31,13.39,12.96,12.76,13.44,13.60,13.90,14.69,14.75,15.06,15.42,14.93,14.73,14.83,14.92,14.97,14.98,15.04,16.07,15.68,15.14,15.45,15.01,15.09,14.56,14.52,14.57,14.50,14.57,14.70,13.25,13.67
MNE,Montenegro,tCO2e per capita,6.90,5.89,5.86,5.55,5.48,5.71,6.14,6.37,6.55,5.63,6.07,0.05,0.22,0.44,0.44,0.12,0.24,-0.12,0.61,-1.15,0.02,6.50,6.12,5.88,5.71,5.88,5.53,5.75,6.07,6.20,6.08,6.15
ISL,Iceland,tCO2e per capita,15.93,15.28,14.32,14.02,14.20,13.86,14.75,14.52,14.89,14.60,14.54,13.78,13.86,13.67,13.75,13.33,14.60,14.30,13.70,12.64,12.28,11.47,11.35,11.70,11.54,11.78,10.29,10.22,10.01,9.61,8.92,9.09
GMB,Gambia,tCO2e per capita,5.23,5.19,5.12,5.07,4.49,3.94,3.57,3.19,2.87,2.73,2.37,1.90,1.69,1.57,1.45,1.32,1.33,1.33,1.37,1.54,1.52,1.31,1.31,1.31,1.34,1.41,1.31,1.27,1.24,1.28,1.25,1.23
SWZ,Eswatini,tCO2e per capita,3.39,3.31,3.08,2.68,3.34,3.26,2.97,2.90,2.93,2.89,2.66,2.52,2.53,2.52,2.51,2.51,2.43,2.67,2.58,2.49,2.38,2.34,2.33,2.47,2.48,2.46,2.53,2.50,2.49,2.60,2.51,2.60
BHS,Bahamas,tCO2e per capita,8.72,8.84,8.18,7.57,7.53,7.71,7.70,6.92,8.26,8.31,8.25,7.50,7.54,7.50,7.55,6.91,6.60,6.53,6.76,7.29,7.37,7.09,6.67,6.79,6.82,7.09,7.00,7.89,7.36,7.40,6.67,6.87
GRD,Grenada,tCO2e per capita,19.14,19.31,19.33,19.28,19.29,19.33,19.57,19.71,19.90,20.04,20.03,20.14,20.23,20.38,20.35,20.50,20.63,20.81,20.97,21.01,21.11,20.97,21.11,21.43,20.80,20.93,20.94,21.02,21.30,21.51,21.09,21.17
MDV,Maldives,tCO2e per capita,0.91,0.91,1.17,1.06,1.05,1.27,1.34,1.56,1.45,1.88,1.98,2.01,2.42,2.08,2.57,2.31,2.74,2.82,2.95,3.03,3.08,3.16,3.42,3.29,3.72,3.51,3.80,3.90,4.30,4.71,4.12,4.30
MLT,Malta,tCO2e per capita,7.14,6.68,6.55,8.23,7.36,6.98,6.77,7.14,6.85,6.92,6.19,7.09,6.62,7.33,7.30,7.39,7.54,7.74,7.56,7.03,7.25,7.19,7.53,6.63,6.53,4.85,4.11,4.32,4.22,4.24,4.03,4.01
DJI,Djibouti,tCO2e per capita,1.59,1.56,1.56,1.58,1.60,1.67,1.68,1.70,1.76,1.76,1.70,1.68,1.68,1.68,1.65,1.67,1.65,1.68,1.67,1.62,1.69,1.61,1.62,1.68,1.48,1.51,1.44,1.44,1.46,1.47,1.38,1.42
ATG,Antigua and Barbuda,tCO2e per capita,6.31,6.44,6.47,6.64,6.78,6.82,7.15,7.56,7.81,8.21,8.47,8.80,9.21,9.68,10.06,10.54,11.28,11.74,12.04,12.47,12.39,12.29,12.38,12.38,12.47,12.57,12.89,13.12,13.43,13.79,13.74,14.38
SYC,Seychelles,tCO2e per capita,3.15,3.44,3.45,3.57,3.76,3.68,4.13,4.65,4.80,4.93,4.74,5.10,5.31,5.28,5.80,5.78,5.78,5.99,6.04,6.39,6.20,6.02,6.19,6.01,6.47,6.85,7.52,7.54,7.86,7.78,7.79,7.90
COM,Comoros,tCO2e per capita,0.78,0.77,0.76,0.75,0.74,0.73,0.72,0.71,0.73,0.73,0.67,0.69,0.68,0.70,0.71,0.76,0.74,0.60,0.63,0.65,0.69,0.67,0.68,0.72,0.68,0.69,0.71,0.78,0.79,0.80,0.86,0.85
LCA,Saint Lucia,tCO2e per capita,5.58,5.68,5.88,6.03,6.22,5.65,5.16,4.53,4.16,3.66,3.08,3.27,3.19,3.35,3.47,3.43,3.53,3.57,3.57,3.55,3.90,3.72,3.77,3.78,3.80,3.79,3.82,3.98,3.98,3.92,3.81,3.91
WSM,Samoa,tCO2e per capita,2.70,2.74,2.72,2.78,2.91,2.95,3.03,3.00,3.12,3.10,3.11,3.25,3.28,3.27,3.30,3.31,3.28,3.27,3.15,3.22,3.37,3.46,3.44,3.43,3.47,3.66,3.61,3.58,3.47,3.49,3.41,3.52
VUT,Vanuatu,tCO2e per capita,3.30,3.31,3.35,3.42,3.37,3.32,3.38,3.35,3.27,3.27,3.09,2.93,2.82,2.85,2.69,2.70,2.67,3.16,3.11,3.02,3.01,3.02,2.92,2.83,2.97,2.63,2.30,2.13,2.35,2.15,2.21,2.18
CPV,Cape Verde,tCO2e per capita,-0.59,-0.59,-0.46,-0.46,-0.50,-0.35,-0.38,-0.32,-0.24,-0.12,-0.11,1.02,1.08,1.12,1.16,1.17,1.32,1.18,1.16,1.24,1.30,1.33,1.24,1.18,1.16,1.16,1.14,1.14,1.19,1.21,1.14,1.15
AND,Andorra,tCO2e per capita,7.90,7.63,7.37,7.21,6.98,7.17,7.67,7.94,8.46,8.87,8.99,8.80,8.63,8.38,8.44,8.40,7.88,7.68,7.63,7.37,7.42,7.19,7.27,7.29,7.26,7.43,7.58,7.60,8.02,7.90,6.50,6.40
BTN,Bhutan,tCO2e per capita,-10.79,-10.77,-10.82,-10.92,-10.89,-10.67,-10.49,-10.15,-9.93,-9.62,-9.52,-9.42,-9.23,-9.10,-9.03,-8.67,-8.52,-8.31,-8.25,-8.27,-7.99,0.08,0.27,0.29,0.48,0.53,0.78,0.89,1.08,1.03,0.33,0.53
STP,Sao Tome and Principe,tCO2e per capita,0.59,0.58,0.55,0.54,0.55,0.55,0.54,0.54,0.56,0.55,0.57,0.57,0.60,0.64,0.69,0.71,0.70,0.69,0.71,0.71,0.78,1.86,1.90,1.86,1.93,1.94,1.97,1.96,1.90,1.84,1.81,1.80
TON,Tonga,tCO2e per capita,2.67,2.73,2.62,2.71,2.75,2.70,2.44,2.50,2.43,2.56,2.40,2.30,2.37,2.58,2.51,2.50,2.66,2.50,2.56,2.66,2.46,2.37,2.43,2.52,2.53,2.52,2.66,2.75,2.74,2.99,3.22,3.29
VCT,Saint Vincent and the Grenadines,tCO2e per capita,1.05,1.10,1.12,1.34,1.48,1.57,1.61,1.67,1.96,1.99,1.82,2.55,2.57,2.66,2.85,2.86,2.85,3.03,2.89,3.44,2.93,2.85,2.99,2.84,3.20,3.00,3.07,2.79,3.03,2.86,3.06,3.13
KNA,Saint Kitts and Nevis,tCO2e per capita,4.67,4.71,4.73,4.80,5.07,5.09,5.24,5.40,5.67,5.83,6.12,6.25,6.38,6.33,6.66,6.29,6.40,6.69,6.64,6.75,6.72,6.83,6.48,6.40,6.37,6.52,6.62,6.57,6.60,6.61,6.31,6.45
PLW,Palau,tCO2e per capita,0.84,0.84,13.28,13.00,12.69,12.37,12.16,12.05,11.90,11.74,11.98,12.03,11.95,11.79,11.89,12.41,12.69,12.69,12.46,12.31,13.13,13.40,14.08,14.29,13.64,13.32,12.98,13.69,13.65,13.89,13.69,14.31
DMA,Dominica,tCO2e per capita,3.47,3.49,3.45,3.51,3.59,3.55,3.23,3.42,3.34,3.35,3.56,2.82,2.25,2.48,2.79,2.99,2.95,3.31,3.20,3.44,3.19,2.97,3.18,3.11,3.23,3.38,3.19,2.94,3.07,3.20,2.98,3.07
MHL,Marshall Islands,tCO2e per capita,0.53,0.53,2.17,2.25,2.33,2.41,2.44,2.45,2.51,2.51,2.66,2.70,2.84,2.74,2.79,2.75,2.84,2.97,2.99,3.06,3.13,3.15,3.12,3.19,3.23,3.27,3.30,3.38,3.40,3.46,3.45,3.58
FSM,Micronesia,tCO2e per capita,0.08,-0.22,1.17,1.24,1.33,2.04,2.09,2.18,2.30,2.18,2.08,1.95,1.81,1.91,1.74,1.49,1.49,1.65,1.49,1.87,1.41,1.58,1.70,1.75,1.76,1.79,1.75,1.73,1.73,1.74,1.73,1.79
LIE,Liechtenstein,tCO2e per capita,7.80,7.95,7.87,8.03,7.47,7.48,7.45,7.73,7.97,7.80,7.44,7.52,7.63,7.86,7.82,7.76,7.77,6.88,7.39,6.93,6.48,5.24,5.44,5.60,4.71,4.63,4.35,4.50,4.16,4.32,4.13,4.23
KIR,Kiribati,tCO2e per capita,0.55,0.56,0.56,0.60,0.58,0.61,0.66,0.63,0.61,0.61,0.70,0.66,0.72,0.73,0.76,0.81,0.84,0.83,0.79,0.76,0.77,0.76,0.79,0.84,0.80,0.78,0.77,0.89,0.90,0.91,0.87,0.89
COK,Cook Islands,tCO2e per capita,false,false,false,false,false,false,false,false,false,false,false,false,false,false,false,false,false,false,false,false,false,false,false,false,false,false,false,false,false,false,false,false
NRU,Nauru,tCO2e per capita,13.68,13.36,12.42,11.54,11.01,10.62,9.98,10.03,9.83,9.36,8.97,8.35,8.18,7.34,6.93,6.83,4.97,4.71,4.78,4.56,4.76,4.49,4.65,5.14,5.42,5.76,5.55,5.82,5.59,5.53,5.49,5.65
TUV,Tuvalu,tCO2e per capita,1.66,1.74,1.81,1.83,1.75,1.81,1.77,1.91,2.18,2.08,1.94,2.19,2.29,2.23,2.23,2.24,2.24,2.45,2.15,2.25,2.16,2.18,2.14,2.03,2.04,2.00,1.97,2.01,2.11,2.11,2.07,2.10
NIU,Niue,tCO2e per capita,false,false,false,false,false,false,false,false,false,false,false,false,false,false,false,false,false,false,false,false,false,false,false,false,false,false,false,false,false,false,false,false
FJI,Fiji,tCO2e per capita,-1.15,-1.11,-1.03,-0.94,-0.87,-0.78,-0.70,-0.71,-0.75,-0.79,-0.74,-0.45,-0.67,-0.51,-0.13,-0.44,-0.30,-0.37,-0.69,-0.80,-0.43,-0.55,-0.58,-0.41,-0.83,-0.76,-0.84,-0.63,-0.56,-0.42,-0.90,-0.93
Data source,Climate Watch
Data for,Location: World. Sectors/Subsectors: Total including LUCF. Gases: All GHG. Calculation: per Capita. Show data by Countries